{
    "accuracy": 0.9411,
    "precision_macro": 0.9413,
    "precision_weighted": 0.9413,
    "recall_macro": 0.9409,
    "recall_weighted": 0.9405,
    "f1_macro": 0.9410,
    "f1_weighted": 0.9413,
    "per_class": {
        "Flat": {
            "precision": 0.9362,
            "recall": 0.9489,
            "f1_score": 0.9425
        },
        "Round": {
            "precision": 0.9464,
            "recall": 0.9330,
            "f1_score": 0.9396
        }
    },
    "roc_auc": 0.9513291126787616,
    "average_precision": 0.9411529334809713
}