{
    "accuracy": 0.9112,
    "precision_macro": 0.9100,
    "precision_weighted": 0.9110,
    "recall_macro": 0.9053,
    "recall_weighted": 0.9102,
    "f1_macro": 0.9076,
    "f1_weighted": 0.9100,
    "per_class": {
        "Embryo Down": {
            "precision": 0.9043,
            "recall": 0.8739,
            "f1_score": 0.8890
        },
        "Embryo Up": {
            "precision": 0.9157,
            "recall": 0.9367,
            "f1_score": 0.9261
        }
    },
    "roc_auc": 0.9013498122356811,
    "average_precision": 0.9113559735889552
}