{
    "accuracy": 0.9376,
    "precision_macro": 0.9376,
    "precision_weighted": 0.9376,
    "recall_macro": 0.9375,
    "recall_weighted": 0.9376,
    "f1_macro": 0.9376,
    "f1_weighted": 0.9376,
    "per_class": {
        "Impure": {
            "precision": 0.9382,
            "recall": 0.9347,
            "f1_score": 0.9365
        },
        "Pure": {
            "precision": 0.9370,
            "recall": 0.9404,
            "f1_score": 0.9387
        }
    },
    "roc_auc": 0.9449620130394956,
    "average_precision": 0.9391329352401739
}